Player_Name,t1,t2,t3,t4,t5,t6,w1,w2,w3,w4,w5,w6,m1,m2,m3,m4,m5,m6,p1,p2,p3,p4,p5,p6,r1,r2,r3,r4,r5,r6,strike_rate,wicket_probability,average_strike_rate,average_wicket_probability
MS Dhoni,,,0,0,6,9,,,,,,,,,1,2,2,4,0,0,0,0,0,0,0,0,0,0,3,2.25,1.666666667,0,2.994249511,0.193328767
Moeen Ali,1,0,,,1,1,,1,,,,,1,1,,,1,1,0,1,0,0,0,0,1,0,0,0,1,1,0.75,0.25,,
Sam Curran,,,,,,,,,,,,,,,,,,,0,0,0,0,0,0,0,0,0,0,0,0,0,0,,
Faf du Plessis,14,76,52,57,83,80,1,1,,3,1,2,17,17,16,20,19,21,0.058823529,0.058823529,0,0.15,0.052631579,0.095238095,0.823529412,4.470588235,3.25,2.85,4.368421053,3.80952381,3.290909091,0.072727273,,
Ruturaj Gaikwad,,,,,,,,,,,,,,,,,,,0,0,0,0,0,0,0,0,0,0,0,0,0,0,,
C Hari Nishaanth,,,,,,,,,,,,,,,,,,,0,0,0,0,0,0,0,0,0,0,0,0,0,0,,
Imran Tahir,,,,,,,,,,,,,,,,,,,0,0,0,0,0,0,0,0,0,0,0,0,0,0,,
Ravindra Jadeja,,0,1,6,11,1,,,,,,,,1,1,1,1,1,0,0,0,0,0,0,0,0,1,6,11,1,3.8,0,,
Cheteshwar Pujara,19,12,21,11,13,4,,1,,2,1,,6,6,5,5,3,2,0,0.166666667,0,0.4,0.333333333,0,3.166666667,2,4.2,2.2,4.333333333,2,2.962962963,0.148148148,,
Suresh Raina,17,80,126,129,160,206,,,,7,4,5,8,24,32,41,45,47,0,0,0,0.170731707,0.088888889,0.106382979,2.125,3.333333333,3.9375,3.146341463,3.555555556,4.382978723,3.644670051,0.081218274,,
Ambati Rayudu,25,45,69,100,88,136,,1,3,2,1,3,13,20,25,27,28,31,0,0.05,0.12,0.074074074,0.035714286,0.096774194,1.923076923,2.25,2.76,3.703703704,3.142857143,4.387096774,3.215277778,0.069444444,,
Robin Uthappa,,,,,,,,,,,,,,,,,,,0,0,0,0,0,0,0,0,0,0,0,0,0,0,,
RIshabh Pant,13,20,10,41,46,86,,2,1,1,1,1,5,8,9,8,13,18,0,0.25,0.111111111,0.125,0.076923077,0.055555556,2.6,2.5,1.111111111,5.125,3.538461538,4.777777778,3.540983607,0.098360656,,
Sam Billings,9,27,15,11,23,28,1,1,,,1,,6,5,4,4,6,7,0.166666667,0.2,0,0,0.166666667,0,1.5,5.4,3.75,2.75,3.833333333,4,3.53125,0.09375,,
Shikhar Dhawan,146,225,255,198,167,184,4,6,7,7,5,6,75,71,65,58,51,46,0.053333333,0.084507042,0.107692308,0.120689655,0.098039216,0.130434783,1.946666667,3.169014085,3.923076923,3.413793103,3.274509804,4,3.210382514,0.095628415,,
Shimron Hetmyer,,,,,,,,,,,,,,,,,,,0,0,0,0,0,0,0,0,0,0,0,0,0,0,,
Shams Mulani,,,,,,,,,,,,,,,,,,,0,0,0,0,0,0,0,0,0,0,0,0,0,0,,
Ripal Patel,,,,,,,,,,,,,,,,,,,0,0,0,0,0,0,0,0,0,0,0,0,0,0,,
Ajinkya Rahane,222,184,193,239,152,149,7,3,5,6,5,4,65,59,56,51,47,42,0.107692308,0.050847458,0.089285714,0.117647059,0.106382979,0.095238095,3.415384615,3.118644068,3.446428571,4.68627451,3.234042553,3.547619048,3.559375,0.09375,,
Prithvi Shaw,22,47,46,26,16,25,1,1,1,2,1,,9,8,7,6,4,3,0.111111111,0.125,0.142857143,0.333333333,0.25,0,2.444444444,5.875,6.571428571,4.333333333,4,8.333333333,4.918918919,0.162162162,,
Steven Smith,23,13,40,79,69,59,1,1,1,,1,,7,11,12,14,17,20,0.142857143,0.090909091,0.083333333,0,0.058823529,0,3.285714286,1.181818182,3.333333333,5.642857143,4.058823529,2.95,3.49382716,0.049382716,,
Marcus Stoinis,0,2,7,6,17,11,1,,,,,,3,2,2,2,2,4,0.333333333,0,0,0,0,0,0,1,3.5,3,8.5,2.75,2.866666667,0.066666667,,
Vishnu Vinod,1,1,6,1,1,,,,,1,1,,2,2,2,2,1,,0,0,0,0.5,1,0,0.5,0.5,3,0.5,1,0,1.111111111,0.222222222,,
Chris Woakes,,,,,,,,,,,,,,,,,,,0,0,0,0,0,0,0,0,0,0,0,0,0,0,,
Lalit Yadav,,,,,,,,,,,,,,,,,,,0,0,0,0,0,0,0,0,0,0,0,0,0,0,,
Shreyas Iyer,20,80,50,93,61,69,3,2,5,1,4,1,23,26,28,26,27,24,0.130434783,0.076923077,0.178571429,0.038461538,0.148148148,0.041666667,0.869565217,3.076923077,1.785714286,3.576923077,2.259259259,2.875,2.422077922,0.103896104,,
Nicholas Pooran,,,,,,,,,,,,,,,,,,,0,0,0,0,0,0,0,0,0,0,0,0,0,0,,
Chris Gayle,127,179,173,195,127,127,4,6,3,8,4,5,53,49,42,39,31,28,0.075471698,0.12244898,0.071428571,0.205128205,0.129032258,0.178571429,2.396226415,3.653061224,4.119047619,5,4.096774194,4.535714286,3.834710744,0.123966942,,
Mayank Agarwal,75,60,65,60,18,20,3,2,7,5,4,1,24,22,21,15,10,7,0.125,0.090909091,0.333333333,0.333333333,0.4,0.142857143,3.125,2.727272727,3.095238095,4,1.8,2.857142857,3.01010101,0.222222222,,
Sarfaraz Khan,,,,,,,,,,,,,,,,,,,0,0,0,0,0,0,0,0,0,0,0,0,0,0,,
Dawid Malan,,,,,,,,,,,,,,,,,,,0,0,0,0,0,0,0,0,0,0,0,0,0,0,,
Shahrukh Khan,,,,,,,,,,,,,,,,,,1,0,0,0,0,0,0,0,0,0,0,0,0,0,0,,
Mandeep Singh,21,31,25,23,15,47,,3,,1,2,4,9,9,8,9,11,12,0,0.333333333,0,0.111111111,0.181818182,0.333333333,2.333333333,3.444444444,3.125,2.555555556,1.363636364,3.916666667,2.793103448,0.172413793,,
Deepak Hooda,,,0,1,0,0,,,,,1,,,,1,1,1,1,0,0,0,0,1,0,0,0,0,1,0,0,0.25,0.25,,
Moises Henriques,0,10,21,30,42,55,,,1,,1,1,1,6,10,12,14,14,0,0,0.1,0,0.071428571,0.071428571,0,1.666666667,2.1,2.5,3,3.928571429,2.771929825,0.052631579,,
Jalaj Saxena,,,,,,,,,,,,,,,,,,,0,0,0,0,0,0,0,0,0,0,0,0,0,0,,
Utkarsh Singh,,,,,,,,,,,,,,,,,,,0,0,0,0,0,0,0,0,0,0,0,0,0,0,,
Eoin Morgan,,0,0,11,19,18,,,,,1,2,,1,2,5,7,9,0,0,0,0,0.142857143,0.222222222,0,0,0,2.2,2.714285714,2,2,0.125,,
Karun Nair,23,61,99,81,155,76,,,3,3,3,7,18,24,28,27,31,32,0,0,0.107142857,0.111111111,0.096774194,0.21875,1.277777778,2.541666667,3.535714286,3,5,2.375,3.09375,0.1,,
Nitish Rana,10,14,23,24,58,50,,,,1,1,1,2,3,9,12,16,18,0,0,0,0.083333333,0.0625,0.055555556,5,4.666666667,2.555555556,2,3.625,2.777777778,2.983333333,0.05,,
Shubman Gill,1,1,5,0,,17,,,,1,,,1,1,1,1,1,2,0,0,0,1,0,0,1,1,5,0,0,8.5,3.428571429,0.142857143,,
Gurkeerat Singh Mann,,,,,,,,,,,,,,,,,,,0,0,0,0,0,0,0,0,0,0,0,0,0,0,,
Rahul Tripathi,24,51,79,59,78,85,1,1,3,,2,5,18,17,16,13,14,12,0.055555556,0.058823529,0.1875,0,0.142857143,0.416666667,1.333333333,3,4.9375,4.538461538,5.571428571,7.083333333,4.177777778,0.133333333,,
Sunil Narine,113,102,90,103,64,32,4,5,4,4,1,3,26,22,17,13,9,8,0.153846154,0.227272727,0.235294118,0.307692308,0.111111111,0.375,4.346153846,4.636363636,5.294117647,7.923076923,7.111111111,4,5.305263158,0.221052632,,
Andre Russell,,,,1,6,16,,,,,,,,,,1,1,2,0,0,0,0,0,0,0,0,0,1,6,8,5.75,0,,
Shakib Al Hasan,2,,0,1,7,27,1,,,,,2,1,,1,2,6,7,1,0,0,0,0,0.285714286,2,0,0,0.5,1.166666667,3.857142857,2.176470588,0.176470588,,
Ben Cutting,,,,,,,,,,,,,,,,,,,0,0,0,0,0,0,0,0,0,0,0,0,0,0,,
Pawan Negi,,,,,,0,,,,,,,,,,,,1,0,0,0,0,0,0,0,0,0,0,0,0,0,0,,
Venkatesh Iyer,,,,,,,,,,,,,,,,,,,0,0,0,0,0,0,0,0,0,0,0,0,0,0,,
Manan Vohra,47,83,74,148,99,104,1,3,4,2,3,5,33,32,29,26,24,21,0.03030303,0.09375,0.137931034,0.076923077,0.125,0.238095238,1.424242424,2.59375,2.551724138,5.692307692,4.125,4.952380952,3.363636364,0.109090909,,
David Miller,0,,,7,25,19,1,,,,,3,1,,,4,8,11,1,0,0,0,0,0.272727273,0,0,0,1.75,3.125,1.727272727,2.125,0.166666667,,
Riyan Parag,,,,,,,,,,,,,,,,,,,0,0,0,0,0,0,0,0,0,0,0,0,0,0,,
Yashasvi Jaiswal,,,,,,,,,,,,,,,,,,,0,0,0,0,0,0,0,0,0,0,0,0,0,0,,
Robin Uthappa,137,161,217,228,144,180,4,3,7,5,3,5,45,50,51,47,45,45,0.088888889,0.06,0.137254902,0.106382979,0.066666667,0.111111111,3.044444444,3.22,4.254901961,4.85106383,3.2,4,3.770318021,0.09540636,,
Anuj Rawat,,,,,,,,,,,,,,,,,,,0,0,0,0,0,0,0,0,0,0,0,0,0,0,,
Ben Stokes,,3,11,29,11,8,,,,1,1,,1,3,3,4,3,5,0,0,0,0.25,0.333333333,0,0,1,3.666666667,7.25,3.666666667,1.6,3.263157895,0.105263158,,
Mahipal Lomror,,,,,,,,,,,,,,,,,,,0,0,0,0,0,0,0,0,0,0,0,0,0,0,,
Rahul Tewatia,,,,,4,0,,,,,,1,,,,,1,1,0,0,0,0,0,1,0,0,0,0,4,0,2,0.5,,
Shreyas Gopal,,,,,,,,,,,,,,,,,,,0,0,0,0,0,0,0,0,0,0,0,0,0,0,,
Shivam Dube,,,,,,,,,,,,,,,,,,,0,0,0,0,0,0,0,0,0,0,0,0,0,0,,
Chris Morris,,,,2,5,10,,,,,,,,,,1,1,1,0,0,0,0,0,0,0,0,0,2,5,10,5.666666667,0,,
David Warner,174,205,201,208,244,213,3,4,1,4,5,1,49,48,45,44,41,37,0.06122449,0.083333333,0.022222222,0.090909091,0.12195122,0.027027027,3.551020408,4.270833333,4.466666667,4.727272727,5.951219512,5.756756757,4.715909091,0.068181818,,
Manish Pandey,28,27,34,70,85,65,,1,3,1,4,2,9,11,19,21,28,29,0,0.090909091,0.157894737,0.047619048,0.142857143,0.068965517,3.111111111,2.454545455,1.789473684,3.333333333,3.035714286,2.24137931,2.641025641,0.094017094,,
Kane Williamson,21,21,28,47,70,29,1,,,,3,,5,8,10,15,17,16,0.2,0,0,0,0.176470588,0,4.2,2.625,2.8,3.133333333,4.117647059,1.8125,3.042253521,0.056338028,,
Jason Roy,,,,,,,,,,,,,,,,,,,0,0,0,0,0,0,0,0,0,0,0,0,0,0,,
Priyam Garg,,,,,,,,,,,,,,,,,,,0,0,0,0,0,0,0,0,0,0,0,0,0,0,,
Virat Singh,,,,,,,,,,,,,,,,,,,0,0,0,0,0,0,0,0,0,0,0,0,0,0,,
Abhishek Sharma,1,,2,8,0,16,,,,,,,1,1,1,1,1,1,0,0,0,0,0,0,1,0,2,8,0,16,4.5,0,,
Vijay Shankar,,,,1,1,8,,,,,,1,,,,1,1,2,0,0,0,0,0,0.5,0,0,0,1,1,4,2.5,0.25,,
Mohammad Nabi,,,,,,,,,,,,,,,,,,,0,0,0,0,0,0,0,0,0,0,0,0,0,0,,
Jason Holder,,,,,,,,,,,,,,,,,,,0,0,0,0,0,0,0,0,0,0,0,0,0,0,,
Abdul Samad,,,,,,,,,,,,,,,,,,,0,0,0,0,0,0,0,0,0,0,0,0,0,0,,
Kedar Jadhav,,,8,1,2,21,,,,,2,1,,,1,2,5,8,0,0,0,0,0.4,0.125,0,0,8,0.5,0.4,2.625,2,0.1875,,
J Suchith,,,,,,,,,,,,,,,,,,,0,0,0,0,0,0,0,0,0,0,0,0,0,0,,
Virat Kohli,106,135,227,161,149,147,1,4,7,2,5,3,48,54,53,49,49,48,0.020833333,0.074074074,0.132075472,0.040816327,0.102040816,0.0625,2.208333333,2.5,4.283018868,3.285714286,3.040816327,3.0625,3.073089701,0.073089701,,
Devdutt Padikkal,,,,,,,,,,,,,,,,,,,0,0,0,0,0,0,0,0,0,0,0,0,0,0,,
Sachin Baby,,,,,0,0,,,,,,1,,,,,1,1,0,0,0,0,0,1,0,0,0,0,0,0,0,0.5,,
Rajat Patidar,,,,,,,,,,,,,,,,,,,0,0,0,0,0,0,0,0,0,0,0,0,0,0,,
Suyash Prabhudessai,,,,,,,,,,,,,,,,,,,0,0,0,0,0,0,0,0,0,0,0,0,0,0,,
Washington Sundar,,,,,,,,,,,,,,,,,,,0,0,0,0,0,0,0,0,0,0,0,0,0,0,,
Shahbaz Ahmed,,,,,,,,,,,,,,,,,,,0,0,0,0,0,0,0,0,0,0,0,0,0,0,,
Pavan Deshpande,,,,,,,,,,,,,,,,,,,0,0,0,0,0,0,0,0,0,0,0,0,0,0,,
Glenn Maxwell,14,16,27,37,57,57,,1,1,3,6,1,5,5,9,15,16,16,0,0.2,0.111111111,0.2,0.375,0.0625,2.8,3.2,3,2.466666667,3.5625,3.5625,3.151515152,0.181818182,,
Daniel Christian,,,,,,,,,,,,,,,,,,,0,0,0,0,0,0,0,0,0,0,0,0,0,0,,
Rohit Sharma,77,59,83,77,80,75,2,6,1,3,1,2,22,21,20,21,27,31,0.090909091,0.285714286,0.05,0.142857143,0.037037037,0.064516129,3.5,2.80952381,4.15,3.666666667,2.962962963,2.419354839,3.176056338,0.105633803,,
SuryaKumar Yadav,59,46,78,52,51,67,3,,,1,,2,14,11,12,13,14,17,0.214285714,0,0,0.076923077,0,0.117647059,4.214285714,4.181818182,6.5,4,3.642857143,3.941176471,4.358024691,0.074074074,,
Anmolpreet Singh,,,,,,,,,,,,,,,,,,,0,0,0,0,0,0,0,0,0,0,0,0,0,0,,
Chris Lynn,100,74,121,50,86,73,3,3,1,1,1,2,23,22,19,18,18,17,0.130434783,0.136363636,0.052631579,0.055555556,0.055555556,0.117647059,4.347826087,3.363636364,6.368421053,2.777777778,4.777777778,4.294117647,4.307692308,0.094017094,,
Hardik Pandya,5,1,2,8,1,1,,1,,1,1,,1,3,2,2,2,2,0,0.333333333,0,0.5,0.5,0,5,0.333333333,1,4,0.5,0.5,1.5,0.25,,
Krunal Pandya,,4,6,7,4,4,,,,,2,,,1,1,1,2,3,0,0,0,0,1,0,0,4,6,7,2,1.333333333,3.125,0.25,,
Kieron Pollard,10,,0,2,10,14,1,,,,1,,1,,1,2,4,6,1,0,0,0,0.25,0,10,0,0,1,2.5,2.333333333,2.571428571,0.142857143,,
James Neesham,,,,,,,,,,,,,,,,,,,0,0,0,0,0,0,0,0,0,0,0,0,0,0,,
Yudhvir Charak,,,,,,,,,,,,,,,,,,,0,0,0,0,0,0,0,0,0,0,0,0,0,0,,
Arjun Tendulkar,,,,,,,,,,,,,,,,,,,0,0,0,0,0,0,0,0,0,0,0,0,0,0,,
Anukul Roy,,,,,,,,,,,,,,,,,,,0,0,0,0,0,0,0,0,0,0,0,0,0,0,,
Jayant Yadav,,,,,,,,,,,,,,,,,,,0,0,0,0,0,0,0,0,0,0,0,0,0,0,,
G Gambhir,113,193,176,147,172,112,5,4,8,4,6,4,62,57,54,47,43,37,0.080645161,0.070175439,0.148148148,0.085106383,0.139534884,0.108108108,1.822580645,3.385964912,3.259259259,3.127659574,4,3.027027027,3.043333333,0.103333333,,
JH Kallis,5,12,5,10,4,5,1,,,,1,1,5,3,4,5,5,4,0.2,0,0,0,0.2,0.25,1,4,1.25,2,0.8,1.25,1.576923077,0.115384615,,
MEK Hussey,23,22,26,39,29,19,1,1,,1,3,1,12,11,10,10,9,6,0.083333333,0.090909091,0,0.1,0.333333333,0.166666667,1.916666667,2,2.6,3.9,3.222222222,3.166666667,2.724137931,0.120689655,,
AP Tare,12,19,29,26,14,9,1,1,,2,4,,9,9,8,8,6,2,0.111111111,0.111111111,0,0.25,0.666666667,0,1.333333333,2.111111111,3.625,3.25,2.333333333,4.5,2.595238095,0.19047619,,
M Vijay,88,118,149,101,58,66,3,2,4,2,5,3,37,34,32,28,26,21,0.081081081,0.058823529,0.125,0.071428571,0.192307692,0.142857143,2.378378378,3.470588235,4.65625,3.607142857,2.230769231,3.142857143,3.258426966,0.106741573,,
KD Karthik,0,7,20,28,20,67,,,,2,1,3,1,4,8,12,15,25,0,0,0,0.166666667,0.066666667,0.12,0,1.75,2.5,2.333333333,1.333333333,2.68,2.184615385,0.092307692,,
MK Tiwary,4,0,1,6,19,18,,1,,,2,,1,3,3,5,7,6,0,0.333333333,0,0,0.285714286,0,4,0,0.333333333,1.2,2.714285714,3,1.92,0.12,,
JP Duminy,4,6,37,38,31,25,,,,,2,1,3,5,10,11,15,13,0,0,0,0,0.133333333,0.076923077,1.333333333,1.2,3.7,3.454545455,2.066666667,1.923076923,2.473684211,0.052631579,,
PA Patel,108,174,208,144,116,131,8,5,5,6,5,7,57,49,44,39,33,28,0.140350877,0.102040816,0.113636364,0.153846154,0.151515152,0.25,1.894736842,3.551020408,4.727272727,3.692307692,3.515151515,4.678571429,3.524,0.144,,
NJ Maddinson,13,3,4,,,,,1,2,,,,3,3,2,,,,0,0.333333333,1,0,0,0,4.333333333,1,2,0,0,0,2.5,0.375,,
DR Smith,200,116,165,185,121,113,6,4,3,3,4,3,48,42,38,36,33,29,0.125,0.095238095,0.078947368,0.083333333,0.121212121,0.103448276,4.166666667,2.761904762,4.342105263,5.138888889,3.666666667,3.896551724,3.982300885,0.101769912,,
BB McCullum,137,113,194,149,178,153,4,11,3,1,7,4,59,54,43,40,39,34,0.06779661,0.203703704,0.069767442,0.025,0.179487179,0.117647059,2.322033898,2.092592593,4.511627907,3.725,4.564102564,4.5,3.434944238,0.111524164,,
V Sehwag,86,59,66,52,42,38,4,4,5,1,1,1,25,21,17,12,11,10,0.16,0.19047619,0.294117647,0.083333333,0.090909091,0.1,3.44,2.80952381,3.882352941,4.333333333,3.818181818,3.8,3.572916667,0.166666667,,
AR Patel,,,,2,,9,,,,,,1,,,,1,1,6,0,0,0,0,0,0.166666667,0,0,0,2,0,1.5,1.375,0.125,,
AJ Finch,56,86,49,63,47,67,3,4,2,5,2,3,24,21,18,19,17,18,0.125,0.19047619,0.111111111,0.263157895,0.117647059,0.166666667,2.333333333,4.095238095,2.722222222,3.315789474,2.764705882,3.722222222,3.145299145,0.162393162,,
AM Nayar,10,0,8,,3,11,1,1,,,,,3,2,1,1,1,2,0.333333333,0.5,0,0,0,0,3.333333333,0,8,0,3,5.5,3.2,0.2,,
SV Samson,47,95,97,118,104,100,3,3,3,1,5,5,23,25,30,30,36,35,0.130434783,0.12,0.1,0.033333333,0.138888889,0.142857143,2.043478261,3.8,3.233333333,3.933333333,2.888888889,2.857142857,3.134078212,0.111731844,,
SR Watson,113,83,93,60,80,85,4,3,1,3,3,3,31,26,24,25,23,21,0.129032258,0.115384615,0.041666667,0.12,0.130434783,0.142857143,3.64516129,3.192307692,3.875,2.4,3.47826087,4.047619048,3.426666667,0.113333333,,
LRPL Taylor,,,,,1,5,,,,,,,,,,,1,1,0,0,0,0,0,0,0,0,0,0,1,5,3,0,,
Yuvraj Singh,0,3,0,9,18,26,,,1,2,,,1,1,1,4,6,9,0,0,1,0.5,0,0,0,3,0,2.25,3,2.888888889,2.545454545,0.136363636,,
AB de Villiers,8,36,47,74,121,116,,,4,,7,,2,11,19,24,30,26,0,0,0.210526316,0,0.233333333,0,4,3.272727273,2.473684211,3.083333333,4.033333333,4.461538462,3.589285714,0.098214286,,
WP Saha,40,88,96,63,69,46,,3,4,5,2,4,14,23,22,19,17,21,0,0.130434783,0.181818182,0.263157895,0.117647059,0.19047619,2.857142857,3.826086957,4.363636364,3.315789474,4.058823529,2.19047619,3.465517241,0.155172414,,
KL Rahul,119,69,97,115,95,89,,,,5,3,2,20,20,24,27,25,25,0,0,0,0.185185185,0.12,0.08,5.95,3.45,4.041666667,4.259259259,3.8,3.56,4.141843972,0.070921986,,
Y Venugopal Rao,,,,,0,9,,,,,,,,,,,1,1,0,0,0,0,0,0,0,0,0,0,0,9,4.5,0,,
YV Takawale,1,6,7,25,13,19,1,,1,,1,,4,4,4,3,3,2,0.25,0,0.25,0,0.333333333,0,0.25,1.5,1.75,8.333333333,4.333333333,9.5,3.55,0.15,,
CJ Anderson,0,1,16,9,11,15,,,2,1,,1,1,4,5,5,4,6,0,0,0.4,0.2,0,0.166666667,0,0.25,3.2,1.8,2.75,2.5,2.08,0.16,,
Q de Kock,102,92,84,139,72,78,1,4,5,1,4,,31,30,26,21,20,16,0.032258065,0.133333333,0.192307692,0.047619048,0.2,0,3.290322581,3.066666667,3.230769231,6.619047619,3.6,4.875,3.9375,0.104166667,,
S Rana,,,2,8,2,8,,,,,,1,,,2,2,2,2,0,0,0,0,0,0.5,0,0,1,4,1,4,2.5,0.125,,
JA Morkel,,,1,10,1,5,,,,,,,,,1,1,1,2,0,0,0,0,0,0,0,0,1,10,1,2.5,3.4,0,,
MS Bisla,10,2,16,2,10,,,,,2,1,,3,3,3,3,1,,0,0,0,0.666666667,1,0,3.333333333,0.666666667,5.333333333,0.666666667,10,0,3.076923077,0.230769231,,
BR Dunk,11,11,3,0,10,5,1,,,1,,1,3,2,2,2,1,1,0.333333333,0,0,0.5,0,1,3.666666667,5.5,1.5,0,10,5,3.636363636,0.272727273,,
CM Gautam,6,14,16,7,18,5,,1,3,,,,6,6,5,2,2,2,0,0.166666667,0.6,0,0,0,1,2.333333333,3.2,3.5,9,2.5,2.869565217,0.173913043,,
KP Pietersen,13,25,16,56,47,27,,1,,,1,1,5,6,8,9,11,10,0,0.166666667,0,0,0.090909091,0.1,2.6,4.166666667,2,6.222222222,4.272727273,2.7,3.755102041,0.06122449,,
RR Rossouw,1,1,12,2,,4,1,,,1,,,2,1,2,2,1,1,0.5,0,0,0.5,0,0,0.5,1,6,1,0,4,2.222222222,0.222222222,,
STR Binny,,,,,4,5,,,,,,,,,,,1,3,0,0,0,0,0,0,0,0,0,0,4,1.666666667,2.25,0,,
LMP Simmons,89,43,80,107,123,100,1,3,2,2,2,2,29,28,25,23,21,19,0.034482759,0.107142857,0.08,0.086956522,0.095238095,0.105263158,3.068965517,1.535714286,3.2,4.652173913,5.857142857,5.263157895,3.737931034,0.082758621,,
NV Ojha,4,0,5,10,11,11,1,,,,,,2,2,2,4,4,4,0.5,0,0,0,0,0,2,0,2.5,2.5,2.75,2.75,2.277777778,0.055555556,,
VH Zol,0,,9,4,7,2,,,,,,1,1,1,2,2,2,2,0,0,0,0,0,0.5,0,0,4.5,2,3.5,1,2.2,0.1,,
KK Cooper,,,,,,7,,,,,,,,,,,,2,0,0,0,0,0,0,0,0,0,0,0,3.5,3.5,0,,
DJ Hussey,,,,,0,1,,,,,,,,,,,1,1,0,0,0,0,0,0,0,0,0,0,0,1,0.5,0,,
UBT Chand,1,1,0,,3,11,,1,1,,,,2,2,1,1,3,5,0,0.5,1,0,0,0,0.5,0.5,0,0,1,2.2,1.142857143,0.142857143,,
SE Marsh,26,21,29,41,55,34,1,1,,2,,2,7,8,14,15,14,14,0.142857143,0.125,0,0.133333333,0,0.142857143,3.714285714,2.625,2.071428571,2.733333333,3.928571429,2.428571429,2.861111111,0.083333333,,
YK Pathan,1,9,22,24,24,35,1,,,,1,,2,2,3,5,6,8,0.5,0,0,0,0.166666667,0,0.5,4.5,7.333333333,4.8,4,4.375,4.423076923,0.076923077,,
GJ Bailey,0,4,9,9,19,47,,,,,1,1,1,1,3,7,10,11,0,0,0,0,0.1,0.090909091,0,4,3,1.285714286,1.9,4.272727273,2.666666667,0.060606061,,
JP Faulkner,0,,,,,,1,,,,,,1,,,,,,1,0,0,0,0,0,0,0,0,0,0,0,0,1,,
Harbhajan Singh,,,,0,1,15,,,,,,1,,,,1,3,3,0,0,0,0,0,0.333333333,0,0,0,0,0.333333333,5,2.285714286,0.142857143,,
GH Vihari,,0,,0,,9,,,,,,1,,1,1,1,1,1,0,0,0,0,0,1,0,0,0,0,0,9,1.8,0.2,,
DJ Bravo,,,,,,1,,,,,,,,,,,,1,0,0,0,0,0,0,0,0,0,0,0,1,1,0,,
Gurkeerat Singh,,,,,0,6,,,,,,,,,,,1,2,0,0,0,0,0,0,0,0,0,0,0,3,2,0,,
JC Buttler,73,84,99,75,69,61,1,1,,3,2,1,17,16,16,18,16,15,0.058823529,0.0625,0,0.166666667,0.125,0.066666667,4.294117647,5.25,6.1875,4.166666667,4.3125,4.066666667,4.704081633,0.081632653,,
MJ Guptill,39,25,10,25,18,22,3,,1,1,1,2,10,7,7,6,5,4,0.3,0,0.142857143,0.166666667,0.2,0.5,3.9,3.571428571,1.428571429,4.166666667,3.6,5.5,3.564102564,0.205128205,,
SS Tiwary,3,10,10,11,9,25,,,1,,,,3,3,4,3,4,4,0,0,0.25,0,0,0,1,3.333333333,2.5,3.666666667,2.25,6.25,3.238095238,0.047619048,,
PP Chawla,,,,4,6,5,,,,,1,,,,,1,2,1,0,0,0,0,0.5,0,0,0,0,4,3,5,3.75,0.25,,
UT Khawaja,10,37,26,20,10,4,,,1,2,1,,6,6,6,5,3,2,0,0,0.166666667,0.4,0.333333333,0,1.666666667,6.166666667,4.333333333,4,3.333333333,2,3.821428571,0.142857143,,
HM Amla,51,43,37,35,43,52,3,,,,2,1,15,12,12,12,12,11,0.2,0,0,0,0.166666667,0.090909091,3.4,3.583333333,3.083333333,2.916666667,3.583333333,4.727272727,3.527027027,0.081081081,,
R Ashwin,,,0,,0,0,,,1,,,,,,1,,1,1,0,0,1,0,0,0,0,0,0,0,0,0,0,0.333333333,,
C Munro,2,10,11,22,33,8,2,,1,,1,1,5,4,4,4,4,3,0.4,0,0.25,0,0.25,0.333333333,0.4,2.5,2.75,5.5,8.25,2.666666667,3.583333333,0.208333333,,
ER Dwivedi,5,,,,,,1,,,,,,1,,,,,,1,0,0,0,0,0,5,0,0,0,0,0,5,1,,
TM Head,2,0,,0,2,6,,1,,,1,,1,1,,1,3,3,0,1,0,0,0.333333333,0,2,0,0,0,0.666666667,2,1.111111111,0.222222222,,
JJ Roy,20,43,17,9,18,4,1,,1,2,,2,7,6,6,5,3,3,0.142857143,0,0.166666667,0.4,0,0.666666667,2.857142857,7.166666667,2.833333333,1.8,6,1.333333333,3.7,0.2,,
MJ McClenaghan,,,0,,,,,,1,,,,,,1,,,,0,0,1,0,0,0,0,0,0,0,0,0,0,1,,
C de Grandhomme,1,,,,,,1,,,,,,1,,,,,,1,0,0,0,0,0,1,0,0,0,0,0,1,1,,
K Rabada,,,,,,1,,,,,,,,,,,,1,0,0,0,0,0,0,0,0,0,0,0,1,1,0,,
Ishan Kishan,24,25,59,37,47,24,2,,1,1,,3,10,8,11,11,10,11,0.2,0,0.090909091,0.090909091,0,0.272727273,2.4,3.125,5.363636364,3.363636364,4.7,2.181818182,3.540983607,0.114754098,,
SP Jackson,,1,5,4,,,,,,1,,,,1,1,1,,,0,0,0,1,0,0,0,1,5,4,0,0,3.333333333,0.333333333,,
MN Samuels,,,,,0,,,,,,,,,,,,1,1,0,0,0,0,0,0,0,0,0,0,0,0,0,0,,
PJ Cummins,,,,,,0,,,,,,,,,,,,1,0,0,0,0,0,0,0,0,0,0,0,0,0,0,,
IR Jaggi,,0,1,2,1,1,,,,,,,,1,1,1,1,2,0,0,0,0,0,0,0,0,1,2,1,0.5,0.833333333,0,,
E Lewis,14,30,43,60,47,54,1,,2,1,,3,13,12,12,10,9,9,0.076923077,0,0.166666667,0.1,0,0.333333333,1.076923077,2.5,3.583333333,6,5.222222222,6,3.815384615,0.107692308,,
DJM Short,14,12,3,3,12,6,3,1,,,,,7,4,3,3,3,3,0.428571429,0.25,0,0,0,0,2,3,1,1,4,2,2.173913043,0.173913043,,
H Klaasen,1,6,,,,,,1,,,,,1,1,,,,,0,1,0,0,0,0,1,6,0,0,0,0,3.5,0.5,,
RK Bhui,0,,,,,,1,,,,,,1,,,,,,1,0,0,0,0,0,0,0,0,0,0,0,0,1,,
AD Hales,12,37,16,6,15,28,,1,1,1,,,6,6,5,4,3,3,0,0.166666667,0.2,0.25,0,0,2,6.166666667,3.2,1.5,5,9.333333333,4.222222222,0.111111111,,
K Gowtham,,,,0,7,1,,,,,,,,,,1,1,1,0,0,0,0,0,0,0,0,0,0,7,1,2.666666667,0,,
AD Nath,,,,0,1,,,,,,,,,,,1,1,1,0,0,0,0,0,0,0,0,0,0,1,0,0.333333333,0,,
JC Archer,,0,,,,,,1,,,,,1,1,,,,,0,1,0,0,0,0,0,0,0,0,0,0,0,0.5,,
SP Goswami,3,8,16,7,7,1,,1,,1,,,3,3,2,2,1,1,0,0.333333333,0,0.5,0,0,1,2.666666667,8,3.5,7,1,3.5,0.166666667,,
